{"cameraMode":{"drawMode":0,"name":"Shaded","section":"Shading Mode"},"sceneLighting":true,"audioPlay":false,"sceneViewState":{"showFog":true,"showMaterialUpdate":false,"showSkybox":true,"showFlares":true,"showImageEffects":true,"showParticleSystems":true},"in2DMode":false,"pivot":{"x":0.44605398178100588,"y":0.7674589157104492,"z":4.870516777038574},"rotation":{"x":0.08188476413488388,"y":-0.8609060049057007,"z":0.14680366218090058,"w":0.48019614815711977},"size":4.599996566772461,"orthographic":false}